date,value
2021-10-31,78.43
2021-11-01,92.55791666666666
2021-11-02,147.43041666666667
2021-11-03,155.07291666666666
2021-11-04,171.83416666666668
2021-11-05,172.33708333333334
2021-11-06,155.4575
2021-11-07,133.96666666666667
2021-11-08,166.84541666666667
2021-11-09,179.86875
2021-11-10,198.48916666666665
2021-11-11,183.8791666666667
2021-11-12,185.26083333333335
2021-11-13,180.25541666666666
2021-11-14,171.68541666666667
2021-11-15,181.57666666666668
2021-11-16,194.70458333333332
2021-11-17,195.98416666666665
2021-11-18,225.06041666666667
2021-11-19,227.75458333333333
2021-11-20,221.24666666666667
2021-11-21,227.9225
2021-11-22,235.92333333333332
2021-11-23,226.2025
2021-11-24,225.5895833333333
2021-11-25,228.94541666666666
2021-11-26,226.89791666666667
2021-11-27,203.79916666666668
2021-11-28,200.97708333333333
2021-11-29,218.405
2021-11-30,277.8775
2021-12-01,244.79291666666666
2021-12-02,221.15625
2021-12-03,226.04416666666668
2021-12-04,218.18416666666667
2021-12-05,103.1825
2021-12-06,212.93625
2021-12-07,209.92583333333334
2021-12-08,109.96625
2021-12-09,215.75
2021-12-10,210.03416666666666
2021-12-11,241.28083333333333
2021-12-12,256.4558333333333
2021-12-13,269.8904166666667
2021-12-14,287.95375
2021-12-15,291.5525
2021-12-16,302.41041666666666
2021-12-17,310.06541666666664
2021-12-18,307.39208333333335
2021-12-19,318.93583333333333
2021-12-20,340.0729166666667
2021-12-21,328.6245833333333
2021-12-22,361.34125
2021-12-23,381.88000000000005
2021-12-24,306.935
2021-12-25,225.53041666666664
2021-12-26,181.5533333333333
2021-12-27,96.59083333333332
2021-12-28,106.86166666666666
2021-12-29,184.78083333333333
2021-12-30,198.57000000000002
2021-12-31,140.64875
2022-01-01,122.10208333333333
2022-01-02,139.76250000000002
2022-01-03,148.16375
2022-01-04,152.77875
2022-01-05,184.08583333333334
2022-01-06,213.24249999999998
2022-01-07,218.21208333333334
2022-01-08,197.61375
2022-01-09,123.4525
2022-01-10,217.8525
2022-01-11,222.59291666666664
2022-01-12,205.79125
2022-01-13,215.73
2022-01-14,203.65583333333333
2022-01-15,218.98125000000002
2022-01-16,214.205
2022-01-17,243.05999999999997
2022-01-18,223.17916666666667
2022-01-19,211.89
2022-01-20,190.04833333333332
2022-01-21,179.62666666666667
2022-01-22,190.59166666666667
2022-01-23,201.05375
2022-01-24,228.24875
2022-01-25,225.26125000000002
2022-01-26,236.50208333333333
2022-01-27,232.2408333333333
2022-01-28,224.41833333333332
2022-01-29,223.62333333333333
2022-01-30,230.83208333333334
2022-01-31,222.53958333333333
2022-02-01,205.55583333333334
2022-02-02,211.43666666666664
2022-02-03,207.14
2022-02-04,197.87291666666667
2022-02-05,197.22166666666666
2022-02-06,190.45916666666665
2022-02-07,206.23291666666668
2022-02-08,204.15666666666667
2022-02-09,212.13750000000002
2022-02-10,207.68041666666667
2022-02-11,197.0404166666667
2022-02-12,199.26458333333335
2022-02-13,162.61916666666667
2022-02-14,185.1825
2022-02-15,198.84958333333336
2022-02-16,177.22666666666666
2022-02-17,170.68791666666667
2022-02-18,181.03125
2022-02-19,140.54958333333335
2022-02-20,163.18791666666667
2022-02-21,185.44583333333333
2022-02-22,180.60333333333332
2022-02-23,197.19791666666666
2022-02-24,206.4104166666667
2022-02-25,242.44000000000003
2022-02-26,259.88958333333335
2022-02-27,258.45958333333334
2022-02-28,276.6875
2022-03-01,257.9145833333333
2022-03-02,257.36875000000003
2022-03-03,341.84666666666664
2022-03-04,341.7995833333334
2022-03-05,367.1375
2022-03-06,381.16625
2022-03-07,442.9166666666667
2022-03-08,545.2504166666666
2022-03-09,467.45958333333334
2022-03-10,365.2475
2022-03-11,285.4120833333333
2022-03-12,242.90541666666664
2022-03-13,251.76666666666665
2022-03-14,248.53708333333336
2022-03-15,251.24166666666667
2022-03-16,261.63416666666666
2022-03-17,217.03791666666666
2022-03-18,234.65374999999997
2022-03-19,220.05999999999997
2022-03-20,207.2458333333333
2022-03-21,229.89083333333335
2022-03-22,225.9958333333333
2022-03-23,212.4908333333333
2022-03-24,227.45000000000002
2022-03-25,262.99333333333334
2022-03-26,237.11333333333334
2022-03-27,217.17916666666667
2022-03-28,233.21333333333334
2022-03-29,250.39208333333332
2022-03-30,256.6075
2022-03-31,233.95916666666665
2022-04-01,232.24416666666664
2022-04-02,224.6654166666667
2022-04-03,220.23375
2022-04-04,255.67916666666667
2022-04-05,267.7708333333333
2022-04-06,251.9908333333333
2022-04-07,211.85791666666668
2022-04-08,157.99791666666667
2022-04-09,244.4595833333333
2022-04-10,147.46541666666667
2022-04-11,169.16791666666666
2022-04-12,239.9475
2022-04-13,228.08333333333334
2022-04-14,219.80416666666667
2022-04-15,198.31958333333333
2022-04-16,157.89541666666665
2022-04-17,115.30208333333333
2022-04-18,104.74374999999999
2022-04-19,112.62583333333333
2022-04-20,88.32625
2022-04-21,166.54083333333332
2022-04-22,205.15625
2022-04-23,82.31708333333333
2022-04-24,158.1525
2022-04-25,222.17458333333332
2022-04-26,231.61625
2022-04-27,221.13666666666666
2022-04-28,223.57666666666668
2022-04-29,215.2695652173913
2022-04-30,202.85
2022-05-01,177.43416666666667
2022-05-02,188.10875
2022-05-03,195.57416666666666
2022-05-04,201.53083333333333
2022-05-05,192.49041666666668
2022-05-06,196.92958333333334
2022-05-07,184.30625
2022-05-08,174.37666666666667
2022-05-09,209.30875
2022-05-10,207.78666666666666
2022-05-11,184.00541666666666
2022-05-12,190.66958333333332
2022-05-13,203.71416666666667
2022-05-14,190.39
2022-05-15,124.64416666666666
2022-05-16,196.735
2022-05-17,199.15
2022-05-18,194.34541666666667
2022-05-19,192.12166666666667
2022-05-20,201.3275
2022-05-21,180.57000000000002
2022-05-22,169.86208333333335
2022-05-23,192.55999999999997
2022-05-24,181.34541666666667
2022-05-25,183.89041666666665
2022-05-26,172.07208333333332
2022-05-27,168.34875
2022-05-28,163.98041666666666
2022-05-29,163.53958333333333
2022-05-30,208.22208333333333
2022-05-31,213.5404166666667
2022-06-01,212.38125
2022-06-02,214.28625
2022-06-03,214.75041666666667
2022-06-04,202.84625000000003
2022-06-05,192.41583333333332
2022-06-06,194.29833333333332
2022-06-07,191.95333333333335
2022-06-08,185.19541666666666
2022-06-09,183.23791666666668
2022-06-10,195.90458333333333
2022-06-11,189.19291666666666
2022-06-12,171.5525
2022-06-13,203.12833333333333
2022-06-14,211.49
2022-06-15,164.88125
2022-06-16,171.72416666666666
2022-06-17,179.49958333333333
2022-06-18,143.54041666666666
2022-06-19,123.14916666666666
2022-06-20,155.7825
2022-06-21,147.21166666666667
2022-06-22,155.07791666666665
2022-06-23,147.87208333333334
2022-06-24,139.79291666666668
2022-06-25,125.15583333333332
2022-06-26,117.71333333333332
2022-06-27,142.89541666666665
2022-06-28,146.41416666666666
2022-06-29,132.66333333333333
2022-06-30,132.87916666666666
2022-07-01,146.67375
2022-07-02,142.25708333333333
2022-07-03,145.32
2022-07-04,157.83124999999998
2022-07-05,138.51833333333335
2022-07-06,146.19958333333332
2022-07-07,125.87624999999998
2022-07-08,146.58875
2022-07-09,148.47125
2022-07-10,139.40875
2022-07-11,157.41333333333333
2022-07-12,156.22791666666666
2022-07-13,160.79
2022-07-14,168.51250000000002
2022-07-15,150.2275
2022-07-16,132.55916666666667
2022-07-17,108.53250000000001
2022-07-18,116.86125
2022-07-19,143.24583333333334
2022-07-20,146.53208333333333
2022-07-21,140.93166666666667
2022-07-22,134.28875
2022-07-23,157.29458333333332
2022-07-24,142.35458333333335
2022-07-25,154.59958333333333
2022-07-26,146.27291666666667
2022-07-27,151.25833333333333
2022-07-28,167.99416666666667
2022-07-29,141.84708333333333
2022-07-30,126.54833333333333
2022-07-31,117.20375
2022-08-01,148.59458333333333
2022-08-02,152.22875
2022-08-03,147.86041666666668
2022-08-04,145.24166666666665
2022-08-05,137.0225
2022-08-06,144.37916666666666
2022-08-07,144.05458333333334
2022-08-08,146.18458333333334
2022-08-09,144.19958333333332
2022-08-10,145.43958333333333
2022-08-11,150.87625
2022-08-12,158.45250000000001
2022-08-13,153.86416666666665
2022-08-14,147.84958333333333
2022-08-15,153.52041666666665
2022-08-16,142.96125
2022-08-17,137.75458333333333
2022-08-18,132.69291666666666
2022-08-19,139.76166666666666
2022-08-20,170.835
2022-08-21,144.39916666666667
2022-08-22,175.34166666666667
2022-08-23,185.33541666666667
2022-08-24,184.08249999999998
2022-08-25,161.58291666666665
2022-08-26,175.58208333333334
2022-08-27,163.15083333333334
2022-08-28,168.74208333333334
2022-08-29,189.69458333333333
2022-08-30,200.93500000000003
2022-08-31,185.59458333333336
2022-09-01,189.91875000000002
2022-09-02,151.645
2022-09-03,123.10333333333334
2022-09-04,148.22166666666666
2022-09-05,184.98874999999998
2022-09-06,164.90416666666667
2022-09-07,109.93291666666666
2022-09-08,158.33791666666667
2022-09-09,161.33374999999998
2022-09-10,176.1341666666667
2022-09-11,159.51708333333332
2022-09-12,171.2825
2022-09-13,127.21958333333333
2022-09-14,139.03208333333333
2022-09-15,177.64833333333334
2022-09-16,162.335
2022-09-17,69.815
2022-09-18,133.63125
2022-09-19,192.25208333333333
2022-09-20,145.89208333333332
2022-09-21,141.69583333333333
2022-09-22,173.86166666666668
2022-09-23,128.35958333333335
2022-09-24,102.75625000000001
2022-09-25,73.85791666666667
2022-09-26,123.79166666666667
2022-09-27,98.71875
2022-09-28,107.83458333333333
2022-09-29,112.80541666666666
2022-09-30,122.04833333333333
2022-10-01,119.01583333333333
2022-10-02,146.76500000000001
2022-10-03,200.61458333333334
2022-10-04,191.03083333333333
2022-10-05,159.00916666666666
2022-10-06,117.00583333333333
2022-10-07,155.4375
2022-10-08,118.27958333333333
2022-10-09,113.495
2022-10-10,168.46541666666667
2022-10-11,170.75125
2022-10-12,130.29208333333332
2022-10-13,147.5091666666667
2022-10-14,133.94583333333333
2022-10-15,114.07625
2022-10-16,103.92458333333333
2022-10-17,139.93333333333334
2022-10-18,107.40833333333335
2022-10-19,76.45875
2022-10-20,87.30125
2022-10-21,112.01416666666667
2022-10-22,101.12583333333333
2022-10-23,73.465
2022-10-24,111.48291666666667
2022-10-25,105.54875
2022-10-26,109.06708333333334
2022-10-27,113.87
2022-10-28,111.23708333333333
2022-10-29,103.79458333333334
2022-10-30,138.24875
2022-10-31,163.185
2022-11-01,109.01208333333334
2022-11-02,126.45833333333333
2022-11-03,123.19166666666666
2022-11-04,150.25541666666666
2022-11-05,124.445
2022-11-06,114.42583333333334
2022-11-07,118.955
2022-11-08,113.86666666666667
2022-11-09,133.0125
2022-11-10,135.60708333333335
2022-11-11,120.53916666666667
2022-11-12,107.02541666666667
2022-11-13,131.95624999999998
2022-11-14,138.16583333333332
2022-11-15,108.84500000000001
2022-11-16,102.28750000000001
2022-11-17,81.5425
2022-11-18,107.5675
2022-11-19,68.63708333333334
2022-11-20,96.73833333333333
2022-11-21,78.60458333333334
2022-11-22,74.23583333333333
2022-11-23,93.58166666666666
2022-11-24,138.025
2022-11-25,140.94791666666666
2022-11-26,130.25958333333332
2022-11-27,115.34833333333334
2022-11-28,103.78458333333333
2022-11-29,122.49958333333332
2022-11-30,152.03083333333333
2022-12-01,148.74833333333333
2022-12-02,128.07916666666668
2022-12-03,122.1025
2022-12-04,191.4625
2022-12-05,206.62125
2022-12-06,152.85416666666666
2022-12-07,141.58208333333332
2022-12-08,122.09833333333334
2022-12-09,141.53666666666666
2022-12-10,127.41916666666667
2022-12-11,144.09083333333334
2022-12-12,109.83416666666666
2022-12-13,97.72291666666666
2022-12-14,86.22666666666667
2022-12-15,128.86958333333334
2022-12-16,129.035
2022-12-17,133.4575
2022-12-18,94.855
2022-12-19,79.95083333333334
2022-12-20,65.54333333333334
2022-12-21,62.99458333333334
2022-12-22,51.03541666666666
2022-12-23,24.00125
2022-12-24,29.58583333333333
2022-12-25,17.166666666666668
2022-12-26,78.73583333333333
2022-12-27,107.66250000000001
2022-12-28,39.856249999999996
2022-12-29,16.235
2022-12-30,5.895416666666667
2022-12-31,1.5245833333333332
2023-01-01,9.254583333333334
2023-01-02,112.94208333333334
2023-01-03,136.43666666666667
2023-01-04,114.21791666666667
2023-01-05,109.02083333333333
2023-01-06,101.89875
2023-01-07,21.839583333333334
2023-01-08,10.2025
2023-01-09,89.98583333333333
2023-01-10,106.44125000000001
2023-01-11,85.27291666666666
2023-01-12,92.28583333333334
2023-01-13,89.32333333333334
2023-01-14,50.70583333333334
2023-01-15,21.184166666666666
2023-01-16,13.221666666666666
2023-01-17,5.08125
2023-01-18,23.003333333333334
2023-01-19,34.848333333333336
2023-01-20,92.32166666666666
2023-01-21,57.08291666666667
2023-01-22,38.433749999999996
2023-01-23,72.46166666666666
2023-01-24,88.94208333333334
2023-01-25,91.12916666666666
2023-01-26,66.48208333333334
2023-01-27,45.68416666666667
2023-01-28,41.9325
2023-01-29,71.10416666666667
2023-01-30,135.18
2023-01-31,127.42208333333333
2023-02-01,127.08
2023-02-02,137.32375
2023-02-03,139.9275
2023-02-04,123.29
2023-02-05,79.42958333333333
2023-02-06,136.30916666666667
2023-02-07,137.2525
2023-02-08,138.2575
2023-02-09,144.83958333333334
2023-02-10,141.30666666666667
2023-02-11,131.8033333333333
2023-02-12,137.72166666666666
2023-02-13,146.58083333333335
2023-02-14,142.66875000000002
2023-02-15,145.94041666666666
2023-02-16,144.04125
2023-02-17,134.61875
2023-02-18,128.29125
2023-02-19,122.89875
2023-02-20,135.71
2023-02-21,151.03333333333333
2023-02-22,144.24583333333334
2023-02-23,140.34041666666667
2023-02-24,149.10375
2023-02-25,142.1625
2023-02-26,104.67375
2023-02-27,118.93624999999999
2023-02-28,133.13958333333332
2023-03-01,145.94
2023-03-02,142.16916666666665
2023-03-03,142.33375
2023-03-04,138.64625
2023-03-05,144.12875
2023-03-06,147.31666666666666
2023-03-07,119.07
2023-03-08,98.85416666666667
2023-03-09,71.08083333333333
2023-03-10,43.6525
2023-03-11,32.36375
2023-03-12,79.76041666666667
2023-03-13,35.65375
2023-03-14,69.59208333333333
2023-03-15,131.98875
2023-03-16,86.25875
2023-03-17,71.59
2023-03-18,101.55666666666667
2023-03-19,96.45625
2023-03-20,121.43041666666666
2023-03-21,118.84750000000001
2023-03-22,100.84249999999999
2023-03-23,82.31875000000001
2023-03-24,60.79083333333333
2023-03-25,42.16458333333333
2023-03-26,33.334583333333335
2023-03-27,105.19625
2023-03-28,109.35875
2023-03-29,64.09208333333333
2023-03-30,30.264583333333334
2023-03-31,20.665833333333335
2023-04-01,29.47375
2023-04-02,18.815
2023-04-03,64.87333333333333
2023-04-04,60.634166666666665
2023-04-05,108.11
2023-04-06,97.08291666666666
2023-04-07,101.64083333333333
2023-04-08,86.80666666666667
2023-04-09,72.82833333333333
2023-04-10,50.72708333333333
2023-04-11,92.35166666666667
2023-04-12,38.65208333333333
2023-04-13,67.92375
2023-04-14,46.392500000000005
2023-04-15,21.064583333333335
2023-04-16,40.22416666666667
2023-04-17,79.08166666666666
2023-04-18,101.84958333333333
2023-04-19,113.69666666666666
2023-04-20,114.68374999999999
2023-04-21,100.4425
2023-04-22,78.00875
2023-04-23,48.951249999999995
2023-04-24,99.27833333333332
2023-04-25,94.23166666666667
2023-04-26,109.59583333333335
2023-04-27,109.37875000000001
2023-04-28,107.50041666666668
2023-04-29,86.15608695652173
2023-04-30,104.9
2023-05-01,94.58666666666666
2023-05-02,112.08833333333332
2023-05-03,82.085
2023-05-04,92.43541666666665
2023-05-05,101.66624999999999
2023-05-06,90.055
2023-05-07,63.28
2023-05-08,97.83708333333334
2023-05-09,88.72208333333333
2023-05-10,83.26208333333334
2023-05-11,81.40375
2023-05-12,73.47791666666667
2023-05-13,50.07375
2023-05-14,51.73708333333334
2023-05-15,55.04833333333334
2023-05-16,43.147083333333335
2023-05-17,49.57375
2023-05-18,52.93
2023-05-19,59.73458333333334
2023-05-20,43.38333333333333
2023-05-21,42.9
2023-05-22,89.62875000000001
2023-05-23,83.55916666666667
2023-05-24,85.33833333333332
2023-05-25,75.15291666666667
2023-05-26,66.47708333333334
2023-05-27,87.18916666666667
2023-05-28,84.03666666666668
2023-05-29,95.55916666666667
2023-05-30,93.37124999999999
2023-05-31,87.7425
2023-06-01,84.89291666666666
2023-06-02,87.27166666666666
2023-06-03,85.39541666666666
2023-06-04,77.61125
2023-06-05,86.66208333333333
2023-06-06,86.29041666666666
2023-06-07,88.14958333333334
2023-06-08,81.18875
2023-06-09,81.55499999999999
2023-06-10,82.39999999999999
2023-06-11,79.70958333333333
2023-06-12,94.53041666666667
2023-06-13,89.00041666666668
2023-06-14,87.1125
2023-06-15,106.51166666666667
2023-06-16,122.83083333333333
2023-06-17,98.48791666666666
2023-06-18,86.78541666666666
2023-06-19,108.02
2023-06-20,111.80624999999999
2023-06-21,118.75916666666666
2023-06-22,121.61333333333333
2023-06-23,110.08875
2023-06-24,94.51666666666667
2023-06-25,96.19333333333333
2023-06-26,96.65208333333334
2023-06-27,99.67291666666667
2023-06-28,105.5075
2023-06-29,103.37124999999999
2023-06-30,96.01083333333334
2023-07-01,88.0775
2023-07-02,88.63375
2023-07-03,116.73375
2023-07-04,112.04708333333333
2023-07-05,107.35833333333333
2023-07-06,111.77583333333332
2023-07-07,101.22458333333333
2023-07-08,91.86083333333333
2023-07-09,92.14708333333333
2023-07-10,110.62208333333332
2023-07-11,104.3825
2023-07-12,100.73541666666667
2023-07-13,103.67375
2023-07-14,87.05416666666667
2023-07-15,66.74458333333332
2023-07-16,60.16583333333333
2023-07-17,88.645
2023-07-18,97.3675
2023-07-19,94.53458333333333
2023-07-20,93.65875
2023-07-21,93.31291666666668
2023-07-22,92.46625
2023-07-23,64.36
2023-07-24,89.68708333333335
2023-07-25,91.11916666666667
2023-07-26,102.55125
2023-07-27,98.71625
2023-07-28,97.6325
2023-07-29,91.94083333333333
2023-07-30,79.03708333333333
2023-07-31,89.32208333333334
2023-08-01,87.25625000000001
2023-08-02,76.78
2023-08-03,65.42458333333333
2023-08-04,70.77499999999999
2023-08-05,80.97666666666667
2023-08-06,54.315416666666664
2023-08-07,86.44333333333333
2023-08-08,96.49458333333332
2023-08-09,100.53250000000001
2023-08-10,105.31583333333333
2023-08-11,112.60583333333334
2023-08-12,97.24374999999999
2023-08-13,73.92708333333333
2023-08-14,97.91624999999999
2023-08-15,94.57666666666667
2023-08-16,107.32125
2023-08-17,114.48583333333333
2023-08-18,107.305
2023-08-19,110.71458333333334
2023-08-20,112.31333333333333
2023-08-21,118.1875
2023-08-22,121.41125
2023-08-23,134.89291666666668
2023-08-24,130.19708333333332
2023-08-25,111.50875
2023-08-26,101.07625
2023-08-27,51.75
2023-08-28,91.19291666666668
2023-08-29,102.77958333333333
2023-08-30,108.72958333333334
2023-08-31,110.66250000000001
2023-09-01,105.335
2023-09-02,101.53625
2023-09-03,61.362500000000004
2023-09-04,88.41875
2023-09-05,105.43208333333332
2023-09-06,107.01375
2023-09-07,106.82166666666666
2023-09-08,104.74166666666667
2023-09-09,100.71958333333333
2023-09-10,103.28958333333333
2023-09-11,116.62875000000001
2023-09-12,115.97708333333333
2023-09-13,107.54291666666666
2023-09-14,108.11375
2023-09-15,115.80291666666666
2023-09-16,98.03166666666668
2023-09-17,61.64666666666667
2023-09-18,109.375
2023-09-19,108.06083333333333
2023-09-20,91.7625
2023-09-21,93.86708333333333
2023-09-22,103.35583333333334
2023-09-23,110.80666666666667
2023-09-24,101.65958333333333
2023-09-25,119.13166666666666
2023-09-26,123.56916666666666
2023-09-27,115.25458333333334
2023-09-28,115.35041666666666
2023-09-29,119.62625000000001
2023-09-30,104.74083333333334
2023-10-01,97.84250000000002
2023-10-02,115.36125
2023-10-03,104.53250000000001
2023-10-04,103.78916666666667
2023-10-05,105.19666666666666
2023-10-06,105.27791666666667
2023-10-07,99.625
2023-10-08,104.63583333333332
2023-10-09,121.145
2023-10-10,125.54791666666667
2023-10-11,123.74000000000001
2023-10-12,121.65041666666667
2023-10-13,119.52541666666667
2023-10-14,135.11291666666668
2023-10-15,132.11458333333334
2023-10-16,136.56541666666666
2023-10-17,101.87208333333332
2023-10-18,57.869166666666665
2023-10-19,68.43875
2023-10-20,25.12
2023-10-21,67.68541666666667
2023-10-22,85.30041666666666
2023-10-23,126.07166666666666
2023-10-24,99.33875
2023-10-25,66.89416666666666
2023-10-26,49.39333333333334
2023-10-27,26.5725
2023-10-28,5.867083333333333
2023-10-29,12.595416666666667
2023-10-30,37.229166666666664
2023-10-31,94.26208333333334
2023-11-01,4.006666666666667
2023-11-02,4.3675
2023-11-03,5.807916666666666
2023-11-04,1.3370833333333332
2023-11-05,5.608750000000001
2023-11-06,57.98291666666666
2023-11-07,98.00583333333333
2023-11-08,89.6275
2023-11-09,70.69625
2023-11-10,52.46666666666667
2023-11-11,8.116666666666667
2023-11-12,22.497083333333332
2023-11-13,48.72666666666667
2023-11-14,68.745
2023-11-15,94.90125
2023-11-16,102.56375000000001
2023-11-17,118.19041666666668
2023-11-18,87.69166666666666
2023-11-19,71.70708333333333
2023-11-20,91.82458333333334
2023-11-21,40.56
2023-11-22,29.697916666666668
2023-11-23,52.72291666666666
2023-11-24,67.72
2023-11-25,89.2575
2023-11-26,117.02583333333332
2023-11-27,106.94166666666666
2023-11-28,108.95708333333333
2023-11-29,84.18458333333334
2023-11-30,99.56083333333333
2023-12-01,95.5125
2023-12-02,82.41833333333334
2023-12-03,78.27416666666666
2023-12-04,78.60541666666667
2023-12-05,112.59333333333332
2023-12-06,105.96625
2023-12-07,82.69583333333334
2023-12-08,21.907916666666665
2023-12-09,35.16125
2023-12-10,39.145833333333336
2023-12-11,75.92083333333333
2023-12-12,68.89458333333333
2023-12-13,57.49666666666667
2023-12-14,68.69458333333334
2023-12-15,74.07041666666667
2023-12-16,80.30125
2023-12-17,75.80458333333333
2023-12-18,98.42791666666666
2023-12-19,85.17
2023-12-20,59.72083333333333
2023-12-21,53.346666666666664
2023-12-22,51.77125
2023-12-23,47.77791666666667
2023-12-24,69.27416666666666
2023-12-25,63.85083333333333
2023-12-26,92.84833333333334
2023-12-27,80.47458333333334
2023-12-28,98.46208333333334
2023-12-29,102.84375
2023-12-30,65.56791666666668
2023-12-31,33.514583333333334
2024-01-01,36.699999999999996
2024-01-02,40.49041666666667
2024-01-03,59.42250000000001
2024-01-04,91.17833333333333
2024-01-05,67.51958333333333
2024-01-06,45.28583333333333
2024-01-07,76.25958333333334
2024-01-08,106.51916666666666
2024-01-09,113.55416666666667
2024-01-10,100.855
2024-01-11,96.85541666666667
2024-01-12,97.13
2024-01-13,86.93333333333334
2024-01-14,74.77541666666667
2024-01-15,87.93
2024-01-16,83.80749999999999
2024-01-17,26.29125
2024-01-18,49.701249999999995
2024-01-19,70.94583333333334
2024-01-20,80.33083333333333
2024-01-21,63.48208333333333
2024-01-22,70.31041666666667
2024-01-23,79.05666666666666
2024-01-24,82.34833333333333
2024-01-25,76.73
2024-01-26,72.63125000000001
2024-01-27,65.74708333333334
2024-01-28,51.637499999999996
2024-01-29,78.50625000000001
2024-01-30,81.37416666666667
2024-01-31,82.39291666666666
2024-02-01,70.69625
2024-02-02,65.04625
2024-02-03,60.748333333333335
2024-02-04,63.30916666666667
2024-02-05,81.035
2024-02-06,72.66125
2024-02-07,50.5325
2024-02-08,37.04666666666667
2024-02-09,40.37375
2024-02-10,9.812916666666666
2024-02-11,43.64625
2024-02-12,46.46416666666667
2024-02-13,62.18833333333333
2024-02-14,58.278333333333336
2024-02-15,51.166666666666664
2024-02-16,54.030833333333334
2024-02-17,49.2425
2024-02-18,46.36958333333333
2024-02-19,45.537083333333335
2024-02-20,52.99208333333333
2024-02-21,43.67916666666667
2024-02-22,10.160416666666666
2024-02-23,6.625833333333333
2024-02-24,6.812083333333334
2024-02-25,3.014583333333334
2024-02-26,3.7916666666666665
2024-02-27,3.6808333333333336
2024-02-28,9.824166666666665
2024-02-29,4.275833333333334
2024-03-01,2.1816666666666666
2024-03-02,4.069583333333333
2024-03-03,3.964166666666667
2024-03-04,6.509583333333333
2024-03-05,35.479166666666664
2024-03-06,36.76
2024-03-07,8.0675
2024-03-08,1.4616666666666667
2024-03-09,0.5904166666666667
2024-03-10,0.54125
2024-03-11,16.086666666666666
2024-03-12,36.1625
2024-03-13,36.529583333333335
2024-03-14,32.70708333333334
2024-03-15,38.15791666666667
2024-03-16,30.054999999999996
2024-03-17,29.22666666666667
2024-03-18,59.187916666666666
2024-03-19,64.36041666666667
2024-03-20,55.48583333333334
2024-03-21,35.487500000000004
2024-03-22,20.977916666666665
2024-03-23,1.87875
2024-03-24,7.805416666666667
2024-03-25,20.162916666666668
2024-03-26,2.3595833333333336
2024-03-27,0.6383333333333333
2024-03-28,0.7266666666666667
2024-03-29,4.410833333333334
2024-03-30,4.2075000000000005
2024-03-31,0.6945833333333334
2024-04-01,3.0204166666666663
2024-04-02,6.458750000000001
2024-04-03,8.834583333333333
2024-04-04,3.8683333333333336
2024-04-05,0.06666666666666667
2024-04-06,0.7912499999999999
2024-04-07,4.0562499999999995
2024-04-08,0.35000000000000003
2024-04-09,1.6020833333333335
2024-04-10,4.181666666666667
2024-04-11,13.478333333333333
2024-04-12,15.093333333333334
2024-04-13,7.8175
2024-04-14,5.8
2024-04-15,2.924583333333333
2024-04-16,1.6195833333333336
2024-04-17,2.6595833333333334
2024-04-18,4.671666666666667
2024-04-19,14.987499999999999
2024-04-20,4.486666666666666
2024-04-21,2.3370833333333336
2024-04-22,2.0991666666666666
2024-04-23,7.07125
2024-04-24,19.982083333333332
2024-04-25,41.9625
2024-04-26,54.74166666666667
2024-04-27,25.334999999999997
2024-04-28,29.882916666666663
2024-04-29,58.65521739130435
2024-04-30,35.0
2024-05-01,10.782083333333333
2024-05-02,17.4575
2024-05-03,26.030833333333334
2024-05-04,14.3275
2024-05-05,20.141666666666666
2024-05-06,49.46333333333333
2024-05-07,38.71041666666667
2024-05-08,22.50125
2024-05-09,36.393750000000004
2024-05-10,28.773333333333337
2024-05-11,20.522916666666667
2024-05-12,22.27916666666667
2024-05-13,21.115416666666665
2024-05-14,8.84375
2024-05-15,16.756249999999998
2024-05-16,35.78375
2024-05-17,51.91916666666666
2024-05-18,32.047916666666666
2024-05-19,25.866666666666664
2024-05-20,35.4125
2024-05-21,46.00625
2024-05-22,44.85166666666667
2024-05-23,61.28916666666667
2024-05-24,73.83041666666666
2024-05-25,40.78666666666667
2024-05-26,23.544999999999998
2024-05-27,31.035833333333333
2024-05-28,31.500833333333333
2024-05-29,38.88125
2024-05-30,21.0025
2024-05-31,2.3870833333333334
2024-06-01,1.9395833333333332
2024-06-02,5.074583333333334
2024-06-03,40.96
2024-06-04,93.7
2024-06-05,96.22500000000001
2024-06-06,92.82458333333334
2024-06-07,80.81458333333333
2024-06-08,67.375
2024-06-09,25.456249999999997
2024-06-10,48.3675
2024-06-11,63.44125
2024-06-12,59.81666666666666
2024-06-13,69.03708333333334
2024-06-14,40.31916666666667
2024-06-15,19.563750000000002
2024-06-16,16.919583333333332
2024-06-17,32.63125
2024-06-18,61.91833333333333
2024-06-19,76.87666666666667
2024-06-20,90.26625
2024-06-21,85.01
2024-06-22,44.837916666666665
2024-06-23,25.36791666666667
2024-06-24,60.998333333333335
2024-06-25,71.44458333333334
2024-06-26,96.90541666666667
2024-06-27,89.395
2024-06-28,81.91083333333333
2024-06-29,52.32833333333334
2024-06-30,57.10708333333333
2024-07-01,59.94
2024-07-02,60.650416666666665
2024-07-03,71.54416666666667
2024-07-04,72.22208333333333
2024-07-05,62.443333333333335
2024-07-06,30.12291666666667
2024-07-07,38.035833333333336
2024-07-08,73.40375
2024-07-09,74.01125
2024-07-10,87.38666666666667
2024-07-11,83.68375
2024-07-12,59.93083333333333
2024-07-13,52.76291666666666
2024-07-14,50.75666666666666
2024-07-15,55.5375
2024-07-16,87.04291666666667
2024-07-17,94.87333333333333
2024-07-18,101.625
2024-07-19,97.17750000000001
2024-07-20,48.086666666666666
2024-07-21,33.245416666666664
2024-07-22,80.21041666666666
2024-07-23,91.83791666666667
2024-07-24,94.92041666666667
2024-07-25,89.73333333333333
2024-07-26,95.09791666666666
2024-07-27,76.91291666666667
2024-07-28,63.787083333333335
2024-07-29,108.54458333333334
2024-07-30,100.14666666666666
2024-07-31,105.65499999999999
2024-08-01,107.23041666666667
2024-08-02,93.80541666666666
2024-08-03,77.34166666666667
2024-08-04,75.81916666666666
2024-08-05,109.33416666666666
2024-08-06,105.13375
2024-08-07,97.33416666666666
2024-08-08,102.16291666666666
2024-08-09,101.46833333333332
2024-08-10,72.24708333333334
2024-08-11,68.63083333333334
2024-08-12,106.20083333333334
2024-08-13,106.06166666666667
2024-08-14,85.39999999999999
2024-08-15,47.395833333333336
2024-08-16,88.91208333333333
2024-08-17,83.38708333333334
2024-08-18,52.97833333333333
2024-08-19,96.41250000000001
2024-08-20,93.75083333333333
2024-08-21,82.66791666666667
2024-08-22,109.11916666666667
2024-08-23,107.07916666666667
2024-08-24,56.20458333333334
2024-08-25,33.531666666666666
2024-08-26,97.09125
2024-08-27,107.30874999999999
2024-08-28,108.47791666666666
2024-08-29,120.31625000000001
2024-08-30,116.03708333333333
2024-08-31,117.02125000000001
2024-09-01,99.51875
2024-09-02,116.12041666666666
2024-09-03,106.79916666666666
2024-09-04,95.53625
2024-09-05,104.93
2024-09-06,87.25541666666668
2024-09-07,87.2325
2024-09-08,67.25791666666667
2024-09-09,90.34750000000001
2024-09-10,79.88291666666667
2024-09-11,78.48166666666667
2024-09-12,70.27208333333333
2024-09-13,45.26458333333333
2024-09-14,46.15166666666667
2024-09-15,29.274166666666662
2024-09-16,27.08583333333333
2024-09-17,30.43416666666667
2024-09-18,92.8775
2024-09-19,108.04916666666666
2024-09-20,106.88541666666667
2024-09-21,84.99625
2024-09-22,70.04708333333333
2024-09-23,90.78208333333333
2024-09-24,94.86916666666667
2024-09-25,51.36666666666667
2024-09-26,26.0025
2024-09-27,34.181666666666665
2024-09-28,46.94875
2024-09-29,43.65375
2024-09-30,93.73541666666667
2024-10-01,97.88
2024-10-02,89.52458333333334
2024-10-03,71.60583333333334
2024-10-04,98.1375
2024-10-05,56.193333333333335
2024-10-06,23.344583333333333
2024-10-07,53.206250000000004
2024-10-08,29.958333333333332
2024-10-09,26.874583333333334
2024-10-10,81.59625
2024-10-11,83.82916666666667
2024-10-12,70.1825
2024-10-13,54.719166666666666
2024-10-14,103.4575
2024-10-15,84.71833333333333
2024-10-16,51.3075
2024-10-17,48.51791666666667
2024-10-18,64.91083333333334
2024-10-19,49.162083333333335
2024-10-20,54.05791666666667
2024-10-21,92.90333333333332
2024-10-22,80.34166666666667
2024-10-23,86.63166666666666
2024-10-24,69.05958333333334
2024-10-25,64.30041666666666
2024-10-26,52.4975
2024-10-27,76.30916666666667
2024-10-28,76.16708333333334
2024-10-29,73.23708333333333
2024-10-30,84.40583333333333
2024-10-31,101.03583333333334
2024-11-01,82.01875
2024-11-02,92.14916666666666
2024-11-03,72.18958333333333
2024-11-04,109.1175
2024-11-05,117.94416666666666
2024-11-06,116.14333333333333
2024-11-07,111.70083333333334
2024-11-08,117.99833333333333
2024-11-09,110.01125
2024-11-10,91.07166666666666
2024-11-11,78.96333333333332
2024-11-12,66.20333333333333
2024-11-13,105.2075
2024-11-14,119.50791666666667
2024-11-15,124.26125
2024-11-16,113.195
2024-11-17,114.21458333333334
2024-11-18,136.59666666666666
2024-11-19,131.93625
2024-11-20,95.45
2024-11-21,78.45125
2024-11-22,121.34916666666668
2024-11-23,73.27624999999999
2024-11-24,10.565
2024-11-25,87.37208333333332
2024-11-26,143.28291666666667
2024-11-27,136.52666666666667
2024-11-28,131.32
2024-11-29,127.93458333333332
2024-11-30,123.45625
2024-12-01,127.13499999999999
2024-12-02,143.28166666666667
2024-12-03,139.78833333333333
2024-12-04,134.785
2024-12-05,135.26041666666666
2024-12-06,116.34499999999998
2024-12-07,34.38458333333333
2024-12-08,23.703333333333333
2024-12-09,69.98833333333333
2024-12-10,134.50791666666666
2024-12-11,140.92166666666665
2024-12-12,146.51500000000001
2024-12-13,145.64291666666665
2024-12-14,128.20958333333334
2024-12-15,102.33125
2024-12-16,121.36708333333333
2024-12-17,121.63625
2024-12-18,111.69916666666667
2024-12-19,81.59125
2024-12-20,114.995
2024-12-21,93.67208333333333
2024-12-22,50.46083333333333
2024-12-23,49.3975
2024-12-24,74.11666666666666
2024-12-25,102.88958333333333
2024-12-26,134.0175
2024-12-27,133.69458333333333
2024-12-28,133.30833333333334
2024-12-29,135.94791666666666
2024-12-30,141.08333333333334
2024-12-31,135.42166666666665
2025-01-01,103.73375
2025-01-02,133.725
2025-01-03,122.08041666666666
2025-01-04,111.26833333333333
2025-01-05,47.755833333333335
2025-01-06,51.03125
2025-01-07,85.09625
2025-01-08,98.15333333333332
2025-01-09,89.05375
2025-01-10,112.36791666666666
2025-01-11,95.8075
2025-01-12,73.97083333333333
2025-01-13,126.21958333333333
2025-01-14,137.3525
2025-01-15,140.34208333333333
2025-01-16,134.10083333333333
2025-01-17,135.00833333333333
2025-01-18,133.11625
2025-01-19,124.26458333333333
2025-01-20,145.49083333333334
2025-01-21,138.76125
2025-01-22,135.01708333333332
2025-01-23,139.26041666666666
2025-01-24,90.20583333333333
2025-01-25,41.85916666666667
2025-01-26,25.206666666666667
2025-01-27,20.747916666666665
2025-01-28,16.950416666666666
2025-01-29,48.895
2025-01-30,42.435833333333335
2025-01-31,99.50833333333333
2025-02-01,95.09583333333335
2025-02-02,124.03666666666668
2025-02-03,133.16125
2025-02-04,143.22125
2025-02-05,117.72666666666667
2025-02-06,138.28541666666666
2025-02-07,115.9875
2025-02-08,106.065
2025-02-09,109.36125
2025-02-10,139.33958333333334
2025-02-11,132.47958333333335
2025-02-12,120.19083333333333
2025-02-13,130.96916666666667
2025-02-14,120.81124999999999
2025-02-15,89.44916666666667
2025-02-16,89.4225
2025-02-17,137.165
2025-02-18,79.84458333333333
2025-02-19,123.28708333333333
2025-02-20,86.43666666666667
2025-02-21,47.416666666666664
2025-02-22,72.14166666666667
2025-02-23,65.35208333333334
2025-02-24,78.265
2025-02-25,96.10833333333333
2025-02-26,105.92958333333333
2025-02-27,120.39333333333333
2025-02-28,110.77875
2025-03-01,64.02583333333332
2025-03-02,66.26125
2025-03-03,97.87833333333333
2025-03-04,95.85583333333334
2025-03-05,77.83666666666666
2025-03-06,78.74333333333333
2025-03-07,47.07125
2025-03-08,15.487083333333333
2025-03-09,48.595
2025-03-10,88.36041666666667
2025-03-11,96.69291666666668
2025-03-12,94.04708333333333
2025-03-13,109.27583333333332
2025-03-14,59.0375
2025-03-15,48.91833333333333
2025-03-16,60.600833333333334
2025-03-17,83.52416666666666
2025-03-18,56.67625
2025-03-19,21.4075
2025-03-20,23.060833333333335
2025-03-21,10.135
2025-03-22,12.537083333333333
2025-03-23,28.579583333333332
2025-03-24,44.475
2025-03-25,42.7075
2025-03-26,38.225833333333334
2025-03-27,52.849583333333335
2025-03-28,24.43541666666667
2025-03-29,4.763333333333334
2025-03-30,3.2579166666666666
2025-03-31,35.530833333333334
2025-04-01,56.35125
2025-04-02,26.968333333333334
2025-04-03,20.749583333333334
2025-04-04,11.64125
2025-04-05,26.99083333333333
2025-04-06,25.45958333333333
2025-04-07,57.73208333333333
2025-04-08,44.8525
2025-04-09,30.939166666666665
2025-04-10,18.20375
2025-04-11,19.43125
2025-04-12,27.25208333333333
2025-04-13,18.652916666666666
2025-04-14,22.214166666666667
2025-04-15,12.189166666666667
2025-04-16,12.302916666666667
2025-04-17,22.820833333333336
2025-04-18,10.485000000000001
2025-04-19,1.4520833333333334
2025-04-20,8.264166666666666
2025-04-21,50.7475
2025-04-22,63.115833333333335
2025-04-23,44.065416666666664
2025-04-24,44.01708333333334
2025-04-25,32.81166666666667
2025-04-26,5.181666666666667
2025-04-27,12.502916666666666
2025-04-28,16.984166666666667
2025-04-29,6.159130434782608
2025-04-30,25.93
2025-05-01,17.445416666666667
2025-05-02,15.81875
2025-05-03,17.651666666666667
2025-05-04,21.833333333333332
2025-05-05,44.57333333333333
2025-05-06,46.96666666666667
2025-05-07,48.85208333333333
2025-05-08,41.102916666666665
2025-05-09,33.916666666666664
2025-05-10,12.647083333333335
2025-05-11,7.595
2025-05-12,31.24791666666667
2025-05-13,49.78375
2025-05-14,37.809583333333336
2025-05-15,17.97
2025-05-16,14.6075
2025-05-17,16.845
2025-05-18,11.113333333333335
2025-05-19,14.675833333333332
2025-05-20,18.37375
2025-05-21,21.189583333333335
2025-05-22,6.622083333333333
2025-05-23,8.131666666666666
2025-05-24,12.9375
2025-05-25,10.7425
2025-05-26,20.110416666666666
2025-05-27,30.92458333333333
2025-05-28,34.65958333333334
2025-05-29,40.996249999999996
2025-05-30,53.669999999999995
2025-05-31,40.63666666666666
2025-06-01,22.62
2025-06-02,38.80416666666667
2025-06-03,54.80458333333333
2025-06-04,67.6725
2025-06-05,69.9775
2025-06-06,71.92583333333333
2025-06-07,48.172083333333326
2025-06-08,40.17375
2025-06-09,65.91875
2025-06-10,99.63
2025-06-11,72.96708333333333
2025-06-12,67.31125
2025-06-13,70.82791666666667
2025-06-14,54.67458333333334
2025-06-15,20.65625
2025-06-16,64.07291666666667
2025-06-17,95.245
2025-06-18,107.12166666666667
2025-06-19,115.95708333333334
2025-06-20,113.13
2025-06-21,76.63875
2025-06-22,67.57083333333334
2025-06-23,110.78249999999998
2025-06-24,96.82208333333334
2025-06-25,80.56875000000001
2025-06-26,92.67583333333333
2025-06-27,93.01208333333334
2025-06-28,68.58791666666666
2025-06-29,72.00291666666666
2025-06-30,111.21333333333332
2025-07-01,111.27749999999999
2025-07-02,99.18416666666667
2025-07-03,91.18833333333333
2025-07-04,100.95583333333333
2025-07-05,71.00583333333334
2025-07-06,55.46958333333333
2025-07-07,59.572916666666664
2025-07-08,48.95458333333334
2025-07-09,90.71583333333332
2025-07-10,106.89041666666667
2025-07-11,98.22125
2025-07-12,75.91208333333334
2025-07-13,64.34416666666667
2025-07-14,83.87375
2025-07-15,83.05083333333333
2025-07-16,102.55041666666666
2025-07-17,102.2925
2025-07-18,94.17416666666666
2025-07-19,46.10916666666666
2025-07-20,27.790833333333335
2025-07-21,62.309583333333336
2025-07-22,81.47
2025-07-23,82.78541666666666
2025-07-24,44.51916666666667
2025-07-25,43.48541666666667
2025-07-26,36.95041666666666
2025-07-27,31.67
2025-07-28,32.995416666666664
2025-07-29,33.35541666666666
2025-07-30,42.53666666666667
2025-07-31,65.40124999999999
2025-08-01,63.92458333333334
2025-08-02,36.22416666666667
2025-08-03,31.00208333333333
2025-08-04,69.26083333333334
2025-08-05,55.17791666666667
2025-08-06,81.16166666666666
2025-08-07,83.40916666666666
2025-08-08,77.67291666666667
2025-08-09,61.18208333333333
2025-08-10,56.34291666666667
2025-08-11,80.06083333333333
2025-08-12,90.17458333333333
2025-08-13,102.12124999999999
2025-08-14,95.9375
2025-08-15,69.63458333333334
2025-08-16,74.155
2025-08-17,68.06541666666666
2025-08-18,96.22291666666666
2025-08-19,76.86
2025-08-20,68.33333333333333
2025-08-21,52.46333333333334
2025-08-22,55.09291666666667
2025-08-23,64.43375
2025-08-24,62.860833333333325
2025-08-25,91.86958333333332
2025-08-26,87.86666666666667
2025-08-27,87.00166666666667
2025-08-28,53.337916666666665
2025-08-29,46.41166666666667
2025-08-30,51.75625
2025-08-31,33.02333333333333
2025-09-01,36.56875
2025-09-02,61.94916666666666
2025-09-03,54.319583333333334
2025-09-04,55.34625
2025-09-05,54.28041666666667
2025-09-06,22.521666666666665
2025-09-07,38.59375
2025-09-08,73.35333333333334
2025-09-09,65.49416666666666
2025-09-10,51.1625
2025-09-11,56.21041666666667
2025-09-12,73.72166666666666
2025-09-13,58.319583333333334
2025-09-14,50.98666666666667
2025-09-15,65.46458333333334
2025-09-16,74.88708333333334
2025-09-17,86.11583333333334
2025-09-18,97.41000000000001
2025-09-19,88.7575
2025-09-20,64.82083333333334
2025-09-21,37.83416666666667
2025-09-22,37.79625
2025-09-23,50.322916666666664
2025-09-24,50.35666666666666
2025-09-25,81.54916666666666
2025-09-26,92.22458333333333
2025-09-27,67.605
2025-09-28,47.74916666666667
2025-09-29,62.57916666666667
2025-09-30,83.85677083333333
2025-10-01,86.89791666666667
2025-10-02,87.36270833333333
2025-10-03,92.60229166666666
2025-10-04,47.07
2025-10-05,25.095208333333332
2025-10-06,84.00885416666667
2025-10-07,98.52104166666668
2025-10-08,96.52447916666667
2025-10-09,70.3178125
2025-10-10,80.81833333333334
2025-10-11,73.47375000000001
2025-10-12,64.08375
2025-10-13,104.003125
2025-10-14,110.62427083333334
2025-10-15,112.17270833333333
2025-10-16,111.72677083333333
2025-10-17,108.93729166666667
2025-10-18,77.67135416666666
2025-10-19,29.291770833333334
2025-10-20,41.05135416666666
2025-10-21,38.714375
2025-10-22,25.506874999999997
2025-10-23,32.792812500000004
2025-10-24,95.77625
2025-10-25,81.46604166666667
2025-10-26,49.33354166666667
2025-10-27,90.61125
2025-10-28,100.70552083333332
2025-10-29,106.07687499999999
2025-10-30,88.77375
2025-10-31,54.96072916666666
